trialNumber,time,PositionX,PositionZ,HeadingDeg,DistanceToChest
1,0.000,-14,-11.73796,105.983,17.397
1,0.163,-14,-11.73796,105.983,17.397
1,0.264,-14,-11.73796,105.983,17.397
1,0.367,-14,-11.73796,105.983,17.397
1,0.470,-14,-11.73796,105.983,17.397
1,0.570,-14,-11.73796,105.983,17.397
1,0.671,-14,-11.73796,105.983,17.397
1,0.771,-14,-11.73796,105.887,17.397
1,0.872,-14,-11.73796,103.586,17.397
1,0.973,-14,-11.73796,98.291,17.397
1,1.074,-14,-11.73796,89.875,17.397
1,1.174,-14,-11.73796,79.861,17.397
1,1.275,-14,-11.73796,69.757,17.397
1,1.375,-14,-11.73796,59.727,17.397
1,1.477,-14,-11.73796,49.593,17.397
1,1.579,-14,-11.73796,39.391,17.397
1,1.681,-14,-11.73796,29.204,17.397
1,1.783,-14,-11.73796,21.042,17.397
1,1.884,-13.92612,-11.71503,16.004,17.319
1,1.986,-13.69481,-11.6546,14.052,17.080
1,2.087,-13.31449,-11.55958,14.027,16.688
1,2.188,-12.83285,-11.43925,14.027,16.192
1,2.289,-12.34171,-11.31654,14.027,15.686
1,2.389,-11.8544,-11.19479,14.027,15.185
1,2.490,-11.36533,-11.07261,14.027,14.681
1,2.590,-10.87891,-10.95108,14.027,14.180
1,2.692,-10.38818,-10.82848,14.027,13.675
1,2.792,-9.902626,-10.70717,14.027,13.175
1,2.893,-9.411407,-10.58445,14.027,12.669
1,2.993,-8.924946,-10.46291,14.027,12.168
1,3.097,-8.422173,-10.3373,14.027,11.650
1,3.198,-7.930221,-10.21439,14.027,11.144
1,3.299,-7.442597,-10.09256,14.048,10.642
1,3.400,-6.953773,-9.963833,15.925,10.137
1,3.500,-6.477082,-9.810205,19.473,9.636
1,3.601,-6.002939,-9.635965,20.412,9.132
1,3.702,-5.5311,-9.463145,19.382,8.630
1,3.803,-5.049436,-9.310186,15.728,8.125
1,3.905,-4.555927,-9.182402,13.869,7.615
1,4.005,-4.069787,-9.062497,13.855,7.115
1,4.106,-3.577812,-8.941156,13.855,6.610
1,4.208,-3.081215,-8.818675,13.855,6.099
1,4.310,-2.590482,-8.69764,13.855,5.595
1,4.410,-2.10428,-8.577724,13.855,5.096
1,4.511,-1.612429,-8.456412,13.855,4.591
1,4.613,-1.117359,-8.334309,13.855,4.084
1,4.715,-0.6213253,-8.211967,13.855,3.576
1,4.816,-0.130242,-8.090845,13.855,3.075
1,4.917,0.3566043,-7.970769,13.855,2.579
1,5.018,0.8474268,-7.849443,14.070,2.082
1,5.095,1.241812,-7.74452,15.976,1.683
